filename,xmin,ymin,xmax,ymax,class
tree-108.jpg,24,702,348,1440,tree
tree-108.jpg,491,899,824,1413,tree
tree-108.jpg,886,1180,1034,1386,tree
tree-108.jpg,1088,1150,1215,1326,tree
tree-108.jpg,1242,1199,1364,1359,tree
tree-1.jpg,1861,272,2448,1826,tree
tree-1.jpg,713,907,1026,1413,tree
tree-1.jpg,1588,702,1926,1448,tree
tree-1.jpg,1515,1207,1691,1432,tree
tree-1.jpg,870,1172,988,1432,tree
tree-1.jpg,1045,1240,1183,1405,tree
tree-134.jpg,2029,459,2448,1492,tree
tree-134.jpg,1818,1040,1999,1323,tree
tree-134.jpg,588,1180,718,1418,tree
tree-134.jpg,307,1113,426,1413,tree
tree-134.jpg,21,923,261,1410,tree
tree-134.jpg,983,1153,1132,1445,tree
tree-120.jpg,1391,21,2448,1834,tree
tree-120.jpg,621,1064,775,1496,tree
tree-120.jpg,751,1145,883,1505,tree
tree-120.jpg,1229,1129,1429,1450,tree
tree-120.jpg,191,910,570,1450,tree
tree-242.jpg,94,775,418,1626,tree
tree-242.jpg,1961,32,2448,1821,tree
tree-242.jpg,1575,802,2099,1675,tree
tree-242.jpg,1348,1277,1424,1426,tree
tree-242.jpg,1259,1277,1334,1407,tree
tree-242.jpg,983,1310,1072,1405,tree
tree-242.jpg,388,1164,699,1453,tree
tree-242.jpg,1056,1318,1151,1396,tree
tree-256.jpg,42,1015,372,1669,tree
tree-256.jpg,780,877,907,1405,tree
tree-256.jpg,1715,372,2110,1383,tree
tree-256.jpg,1437,956,1667,1394,tree
tree-256.jpg,1310,1094,1483,1359,tree
tree-256.jpg,913,1213,1053,1391,tree
tree-281.jpg,361,680,602,1750,tree
tree-281.jpg,1229,15,2026,1764,tree
tree-295.jpg,1907,332,2399,1540,tree
tree-295.jpg,99,10,605,1567,tree
tree-295.jpg,615,86,932,1467,tree
tree-295.jpg,934,453,1148,1421,tree
tree-295.jpg,1605,923,1829,1445,tree
tree-295.jpg,1775,723,2018,1491,tree
tree-42.jpg,1008,175,1652,1829,tree
tree-42.jpg,757,713,1179,1556,tree
tree-56.jpg,125,407,406,1748,tree
tree-56.jpg,368,788,719,1618,tree
tree-81.jpg,611,721,925,1723,tree
tree-95.jpg,57,567,384,1434,tree
tree-95.jpg,252,599,479,1459,tree
tree-95.jpg,654,864,927,1356,tree
tree-95.jpg,449,875,617,1432,tree
tree-94.jpg,1444,234,2073,1429,tree
tree-94.jpg,2117,888,2379,1515,tree
tree-94.jpg,1284,710,1595,1356,tree
tree-80.jpg,1917,602,2387,1326,tree
tree-80.jpg,1465,880,1768,1283,tree
tree-57.jpg,1868,991,2208,1661,tree
tree-57.jpg,1627,1067,1819,1545,tree
tree-57.jpg,1522,1199,1657,1494,tree
tree-57.jpg,511,1077,752,1380,tree
tree-57.jpg,857,1223,1025,1388,tree
tree-57.jpg,971,1072,1106,1448,tree
tree-57.jpg,1414,1234,1489,1434,tree
tree-43.jpg,1711,486,2306,1907,tree
tree-43.jpg,1508,1161,1622,1529,tree
tree-43.jpg,1235,913,1468,1491,tree
tree-43.jpg,541,1080,644,1459,tree
tree-43.jpg,408,883,557,1369,tree
tree-43.jpg,292,996,419,1445,tree
tree-294.jpg,615,559,910,1618,tree
tree-294.jpg,1042,1094,1199,1388,tree
tree-294.jpg,1821,683,2197,1394,tree
tree-280.jpg,34,1037,261,1745,tree
tree-280.jpg,1761,472,2361,1475,tree
tree-280.jpg,1453,599,1918,1432,tree
tree-257.jpg,224,434,570,1934,tree
tree-257.jpg,840,1083,999,1513,tree
tree-257.jpg,1467,621,1791,1750,tree
tree-257.jpg,999,377,1507,1596,tree
tree-243.jpg,307,10,751,1942,tree
tree-243.jpg,891,667,1080,1607,tree
tree-243.jpg,1059,905,1186,1532,tree
tree-243.jpg,1524,913,1967,1594,tree
tree-243.jpg,1845,548,2380,1753,tree
tree-121.jpg,159,505,867,1461,tree
tree-121.jpg,1051,1018,1234,1313,tree
tree-121.jpg,1232,1180,1315,1323,tree
tree-121.jpg,1732,915,2037,1399,tree
tree-121.jpg,2032,907,2383,1377,tree
tree-135.jpg,156,315,721,1629,tree
tree-135.jpg,880,1021,1032,1313,tree
tree-109.jpg,191,759,578,1829,tree
tree-109.jpg,21,69,332,1594,tree
tree-109.jpg,797,1077,959,1588,tree
tree-109.jpg,1694,932,2040,1956,tree
tree-109.jpg,1129,1232,1210,1350,tree
tree-109.jpg,1470,1134,1567,1559,tree
tree-123.jpg,1629,794,2186,1891,tree
tree-123.jpg,1215,1091,1459,1486,tree
tree-2.jpg,38,929,249,1780,tree
tree-2.jpg,503,837,749,1580,tree
tree-2.jpg,746,1032,860,1521,tree
tree-2.jpg,862,1132,957,1486,tree
tree-2.jpg,2008,710,2448,1785,tree
tree-2.jpg,1757,1015,2030,1632,tree
tree-2.jpg,1638,1145,1776,1542,tree
tree-2.jpg,1560,1269,1644,1510,tree
tree-2.jpg,1498,1248,1571,1486,tree
tree-2.jpg,1446,1245,1508,1445,tree
tree-2.jpg,954,1134,1033,1456,tree
tree-2.jpg,1076,1256,1114,1429,tree
tree-137.jpg,1605,1042,1856,1445,tree
tree-137.jpg,1299,956,1659,1413,tree
tree-137.jpg,940,1137,1061,1402,tree
tree-137.jpg,442,2,767,1759,tree
tree-269.jpg,1815,337,2448,1541,tree
tree-269.jpg,1486,753,1770,1445,tree
tree-269.jpg,167,915,370,1356,tree
tree-255.jpg,1153,83,1875,1534,tree
tree-255.jpg,610,721,897,1383,tree
tree-255.jpg,1253,859,1515,1413,tree
tree-255.jpg,945,1029,1099,1437,tree
tree-255.jpg,294,794,610,1418,tree
tree-241.jpg,1740,691,2240,1842,tree
tree-241.jpg,1426,1059,1661,1586,tree
tree-296.jpg,107,913,429,1459,tree
tree-296.jpg,713,821,864,1383,tree
tree-296.jpg,1780,764,2267,1613,tree
tree-296.jpg,1407,1061,1537,1334,tree
tree-282.jpg,1797,740,2232,1821,tree
tree-282.jpg,402,894,591,1607,tree
tree-282.jpg,1302,1134,1453,1464,tree
tree-282.jpg,932,1215,999,1386,tree
tree-282.jpg,688,1064,883,1329,tree
tree-69.jpg,1919,507,2448,1510,tree
tree-69.jpg,484,613,833,1377,tree
tree-69.jpg,952,932,1089,1332,tree
tree-69.jpg,1506,1050,1649,1475,tree
tree-69.jpg,1368,1115,1481,1334,tree
tree-55.jpg,289,983,538,1415,tree
tree-55.jpg,735,1134,849,1369,tree
tree-55.jpg,884,1180,992,1313,tree
tree-41.jpg,506,456,817,1472,tree
tree-96.jpg,181,991,435,1696,tree
tree-96.jpg,1414,832,1844,1659,tree
tree-96.jpg,1825,169,2448,1937,tree
tree-96.jpg,1973,850,2368,1629,tree
tree-96.jpg,679,1215,806,1413,tree
tree-82.jpg,62,1007,535,1772,tree
tree-82.jpg,1557,826,1854,1580,tree
tree-82.jpg,1384,1107,1608,1450,tree
tree-83.jpg,22,707,379,1553,tree
tree-83.jpg,357,1067,568,1350,tree
tree-83.jpg,622,1096,817,1356,tree
tree-83.jpg,1687,937,2135,1715,tree
tree-83.jpg,1487,1005,1725,1529,tree
tree-83.jpg,1392,1148,1579,1445,tree
tree-83.jpg,1219,1072,1373,1386,tree
tree-97.jpg,1454,921,1744,1418,tree
tree-97.jpg,6,13,700,1502,tree
tree-97.jpg,700,953,884,1386,tree
tree-97.jpg,862,986,1046,1383,tree
tree-97.jpg,1330,1137,1500,1356,tree
tree-40.jpg,465,15,1100,1848,tree
tree-54.jpg,235,872,589,1450,tree
tree-54.jpg,784,1167,930,1418,tree
tree-54.jpg,1925,756,2389,1429,tree
tree-54.jpg,1549,1140,1854,1380,tree
tree-68.jpg,1719,1007,1852,1475,tree
tree-68.jpg,192,13,541,1626,tree
tree-68.jpg,849,502,1011,1437,tree
tree-68.jpg,1627,1115,1738,1369,tree
tree-68.jpg,981,832,1092,1396,tree
tree-283.jpg,1748,780,2321,1502,tree
tree-297.jpg,1872,477,2402,1410,tree
tree-297.jpg,318,377,624,1453,tree
tree-297.jpg,1464,894,1718,1367,tree
tree-297.jpg,715,886,845,1486,tree
tree-297.jpg,859,926,975,1380,tree
tree-240.jpg,310,905,540,1615,tree
tree-240.jpg,586,1088,872,1434,tree
tree-240.jpg,1661,886,2121,1469,tree
tree-254.jpg,180,950,375,1686,tree
tree-254.jpg,742,645,1032,1348,tree
tree-254.jpg,1556,807,1894,1561,tree
tree-254.jpg,1370,967,1580,1364,tree
tree-268.jpg,1394,13,2299,1859,tree
tree-268.jpg,813,688,994,1469,tree
tree-268.jpg,967,421,1191,1532,tree
tree-136.jpg,1140,421,1821,1610,tree
tree-3.jpg,244,742,546,1815,tree
tree-3.jpg,776,1194,844,1572,tree
tree-3.jpg,925,1215,1019,1521,tree
tree-3.jpg,1019,1205,1054,1496,tree
tree-3.jpg,1054,1183,1127,1494,tree
tree-122.jpg,15,561,724,1567,tree
tree-122.jpg,1407,794,2024,1802,tree
tree-122.jpg,726,926,1059,1467,tree
tree-122.jpg,913,1005,1156,1345,tree
tree-126.jpg,2064,88,2448,1435,tree
tree-126.jpg,205,1015,429,1342,tree
tree-126.jpg,561,1107,699,1291,tree
tree-126.jpg,783,1110,942,1321,tree
tree-7.jpg,1560,45,2448,1374,tree
tree-7.jpg,152,702,692,1288,tree
tree-132.jpg,645,1005,859,1686,tree
tree-132.jpg,1834,886,2307,2034,tree
tree-132.jpg,1272,1186,1415,1421,tree
tree-132.jpg,878,888,1040,1448,tree
tree-250.jpg,1759,10,2448,1513,tree
tree-250.jpg,1286,361,1883,1445,tree
tree-250.jpg,540,1015,797,1461,tree
tree-250.jpg,859,832,1191,1415,tree
tree-250.jpg,1053,1123,1240,1461,tree
tree-244.jpg,2072,864,2448,1348,tree
tree-244.jpg,526,7,1075,1377,tree
tree-278.jpg,1770,540,2226,1834,tree
tree-278.jpg,540,1042,705,1496,tree
tree-278.jpg,1297,1086,1532,1434,tree
tree-278.jpg,803,994,1014,1453,tree
tree-293.jpg,218,37,1091,1807,tree
tree-287.jpg,1851,559,2448,1587,tree
tree-287.jpg,1468,872,1798,1456,tree
tree-287.jpg,1011,1253,1168,1421,tree
tree-50.jpg,1395,480,1849,1872,tree
tree-50.jpg,1025,740,1327,1664,tree
tree-50.jpg,154,705,492,1488,tree
tree-50.jpg,698,1150,819,1421,tree
tree-50.jpg,992,1183,1098,1450,tree
tree-44.jpg,238,680,608,1759,tree
tree-44.jpg,1733,275,2338,1699,tree
tree-44.jpg,1638,883,1900,1572,tree
tree-44.jpg,1546,926,1711,1388,tree
tree-44.jpg,868,1045,1006,1621,tree
tree-78.jpg,1962,842,2371,1902,tree
tree-78.jpg,1617,1088,1725,1605,tree
tree-78.jpg,1338,421,2189,1348,tree
tree-93.jpg,2011,577,2448,1769,tree
tree-93.jpg,1568,856,1911,1437,tree
tree-87.jpg,1944,615,2448,1953,tree
tree-87.jpg,1665,918,1949,1705,tree
tree-87.jpg,1546,1123,1733,1553,tree
tree-87.jpg,1438,1172,1533,1472,tree
tree-87.jpg,1381,1234,1473,1442,tree
tree-86.jpg,1381,5,2233,1883,tree
tree-86.jpg,1506,886,1776,1621,tree
tree-86.jpg,1381,1123,1511,1513,tree
tree-86.jpg,1438,1107,1633,1526,tree
tree-92.jpg,235,2,865,1737,tree
tree-92.jpg,1968,323,2448,1249,tree
tree-92.jpg,1808,988,2095,1302,tree
tree-79.jpg,692,334,798,1532,tree
tree-79.jpg,38,934,327,1610,tree
tree-45.jpg,506,788,789,1553,tree
tree-45.jpg,768,845,871,1464,tree
tree-51.jpg,660,1045,935,1653,tree
tree-51.jpg,2295,1196,2446,1683,tree
tree-286.jpg,1470,761,2037,1821,tree
tree-286.jpg,299,913,540,1548,tree
tree-292.jpg,32,769,453,1975,tree
tree-292.jpg,653,1091,945,1618,tree
tree-292.jpg,905,1115,1083,1518,tree
tree-279.jpg,1575,915,2013,1759,tree
tree-279.jpg,1088,1223,1197,1380,tree
tree-279.jpg,1283,1261,1372,1359,tree
tree-245.jpg,648,69,1048,1588,tree
tree-245.jpg,1770,153,2221,1561,tree
tree-245.jpg,2067,315,2356,1483,tree
tree-245.jpg,1451,515,1842,1364,tree
tree-251.jpg,1418,5,2270,1759,tree
tree-251.jpg,21,172,351,1410,tree
tree-251.jpg,332,545,570,1359,tree
tree-251.jpg,524,1102,670,1350,tree
tree-251.jpg,615,850,924,1296,tree
tree-251.jpg,1164,505,1570,1388,tree
tree-133.jpg,402,153,826,1459,tree
tree-6.jpg,1981,845,2448,1712,tree
tree-6.jpg,1652,921,1849,1567,tree
tree-6.jpg,1489,1042,1649,1496,tree
tree-6.jpg,1444,1110,1554,1475,tree
tree-6.jpg,244,977,665,1399,tree
tree-127.jpg,1883,164,2448,1889,tree
tree-4.jpg,152,1264,249,1810,tree
tree-4.jpg,1389,886,1735,1537,tree
tree-131.jpg,2205,1169,2426,1591,tree
tree-131.jpg,1883,1188,2091,1505,tree
tree-131.jpg,1713,1280,1837,1453,tree
tree-131.jpg,840,1199,1002,1388,tree
tree-125.jpg,118,813,721,1805,tree
tree-125.jpg,642,13,1042,1564,tree
tree-125.jpg,1737,596,2132,1421,tree
tree-125.jpg,2078,977,2448,1535,tree
tree-125.jpg,1661,1061,1840,1299,tree
tree-119.jpg,1940,153,2448,1559,tree
tree-119.jpg,910,1115,1021,1502,tree
tree-119.jpg,1845,667,2164,1469,tree
tree-119.jpg,1599,961,1783,1426,tree
tree-119.jpg,1083,1061,1229,1491,tree
tree-119.jpg,1248,1029,1326,1437,tree
tree-247.jpg,1783,177,2448,1777,tree
tree-247.jpg,1518,526,1956,1526,tree
tree-247.jpg,1264,648,1718,1302,tree
tree-253.jpg,2045,959,2407,1732,tree
tree-253.jpg,1753,1188,1940,1623,tree
tree-253.jpg,424,707,921,1426,tree
tree-284.jpg,1748,575,2388,1596,tree
tree-284.jpg,1597,888,1972,1426,tree
tree-284.jpg,1261,1259,1429,1423,tree
tree-290.jpg,1756,699,2397,1475,tree
tree-47.jpg,311,1077,517,1607,tree
tree-47.jpg,633,1080,749,1448,tree
tree-47.jpg,798,1210,879,1423,tree
tree-47.jpg,1938,975,2133,1415,tree
tree-47.jpg,1687,1056,1862,1361,tree
tree-53.jpg,360,967,527,1561,tree
tree-53.jpg,1433,23,2319,1402,tree
tree-53.jpg,1535,986,1681,1329,tree
tree-84.jpg,1273,26,2089,1340,tree
tree-84.jpg,1489,1091,1711,1364,tree
tree-90.jpg,1752,634,2317,1856,tree
tree-90.jpg,11,834,273,1621,tree
tree-90.jpg,1506,940,1754,1672,tree
tree-90.jpg,1354,1042,1538,1518,tree
tree-90.jpg,603,899,825,1353,tree
tree-90.jpg,1281,1261,1341,1405,tree
tree-91.jpg,262,456,806,1699,tree
tree-91.jpg,1408,705,1714,1337,tree
tree-85.jpg,1576,15,2346,1807,tree
tree-85.jpg,1384,313,1865,1577,tree
tree-52.jpg,668,815,1003,1545,tree
tree-52.jpg,1665,64,2448,1118,tree
tree-52.jpg,962,988,1133,1434,tree
tree-52.jpg,1408,888,1654,1383,tree
tree-46.jpg,79,302,660,1626,tree
tree-46.jpg,1881,250,2392,1837,tree
tree-46.jpg,1508,748,1846,1502,tree
tree-46.jpg,830,980,1073,1429,tree
tree-46.jpg,771,1064,889,1429,tree
tree-46.jpg,1306,1237,1411,1407,tree
tree-46.jpg,1060,1205,1168,1410,tree
tree-291.jpg,1894,548,2448,1712,tree
tree-291.jpg,483,915,840,1267,tree
tree-291.jpg,1637,891,1978,1318,tree
tree-291.jpg,1464,1075,1670,1332,tree
tree-291.jpg,1324,1107,1494,1305,tree
tree-285.jpg,199,853,667,1321,tree
tree-285.jpg,2,445,210,1242,tree
tree-285.jpg,986,1150,1072,1232,tree
tree-252.jpg,37,688,580,2015,tree
tree-246.jpg,18,207,461,1359,tree
tree-246.jpg,475,605,694,1477,tree
tree-246.jpg,672,788,883,1467,tree
tree-246.jpg,913,1113,1029,1315,tree
tree-246.jpg,1005,1140,1088,1361,tree
tree-246.jpg,1234,1142,1353,1337,tree
tree-118.jpg,2,2,418,1640,tree
tree-118.jpg,1018,837,1183,1361,tree
tree-124.jpg,1656,461,2402,1786,tree
tree-124.jpg,1515,891,1883,1605,tree
tree-124.jpg,1391,1015,1672,1523,tree
tree-124.jpg,1015,1213,1151,1353,tree
tree-124.jpg,810,1221,886,1350,tree
tree-130.jpg,51,1064,224,1567,tree
tree-130.jpg,1829,1086,2015,1399,tree
tree-130.jpg,1134,832,1410,1364,tree
tree-130.jpg,1483,1275,1534,1372,tree
tree-130.jpg,1378,1294,1426,1361,tree
tree-130.jpg,1107,1164,1237,1396,tree
tree-5.jpg,87,23,527,1699,tree
tree-5.jpg,703,526,868,1567,tree
tree-5.jpg,1230,1156,1371,1413,tree
tree-5.jpg,1344,1226,1422,1437,tree
tree-157.jpg,48,13,413,1634,tree
tree-157.jpg,432,605,618,1515,tree
tree-157.jpg,1137,794,1329,1418,tree
tree-157.jpg,607,891,764,1453,tree
tree-143.jpg,1630,383,2199,1483,tree
tree-143.jpg,2019,264,2448,1639,tree
tree-194.jpg,842,21,1564,1718,tree
tree-194.jpg,1580,1156,1778,1556,tree
tree-194.jpg,2005,905,2342,1475,tree
tree-180.jpg,64,1329,442,1696,tree
tree-180.jpg,1332,553,1897,1537,tree
tree-180.jpg,1191,705,1575,1472,tree
tree-209.jpg,13,340,505,1721,tree
tree-209.jpg,564,648,986,1440,tree
tree-209.jpg,1367,105,1607,1307,tree
tree-209.jpg,1286,1053,1483,1267,tree
tree-209.jpg,991,1002,1215,1361,tree
tree-221.jpg,18,7,532,1667,tree
tree-221.jpg,797,705,1159,1334,tree
tree-221.jpg,1421,1045,1594,1386,tree
tree-221.jpg,1429,5,2426,1810,tree
tree-221.jpg,1537,683,1834,1542,tree
tree-221.jpg,1740,1056,1905,1383,tree
tree-235.jpg,61,929,370,1607,tree
tree-235.jpg,321,850,499,1815,tree
tree-235.jpg,659,915,813,1632,tree
tree-235.jpg,497,1137,645,1510,tree
tree-235.jpg,832,1134,967,1526,tree
tree-235.jpg,948,1199,1018,1486,tree
tree-235.jpg,1015,1229,1070,1450,tree
tree-235.jpg,1626,994,1818,1483,tree
tree-235.jpg,1426,1050,1624,1477,tree
tree-235.jpg,1842,515,2421,1596,tree
tree-21.jpg,495,929,757,1618,tree
tree-21.jpg,830,1110,908,1488,tree
tree-21.jpg,908,1110,989,1483,tree
tree-21.jpg,1987,791,2448,1759,tree
tree-21.jpg,1746,1186,1965,1605,tree
tree-21.jpg,1614,1202,1727,1521,tree
tree-21.jpg,1552,1207,1665,1483,tree
tree-21.jpg,1346,1237,1419,1429,tree
tree-21.jpg,1065,1213,1111,1415,tree
tree-21.jpg,976,1159,1030,1456,tree
tree-21.jpg,1438,1250,1503,1467,tree
tree-35.jpg,1935,537,2344,1834,tree
tree-35.jpg,317,502,611,1637,tree
tree-35.jpg,979,1145,1089,1456,tree
tree-35.jpg,1503,1048,1673,1464,tree
tree-34.jpg,246,53,527,1488,tree
tree-34.jpg,798,480,960,1448,tree
tree-34.jpg,1006,1099,1233,1459,tree
tree-34.jpg,1673,1123,1868,1418,tree
tree-34.jpg,1530,1102,1654,1380,tree
tree-20.jpg,1646,434,2127,1950,tree
tree-20.jpg,603,1029,789,1840,tree
tree-20.jpg,871,1032,995,1577,tree
tree-20.jpg,1527,1148,1625,1610,tree
tree-20.jpg,1327,1150,1389,1445,tree
tree-20.jpg,1054,1175,1108,1488,tree
tree-234.jpg,15,13,545,1510,tree
tree-234.jpg,434,596,697,1456,tree
tree-234.jpg,1467,850,1761,1415,tree
tree-234.jpg,1313,937,1524,1391,tree
tree-234.jpg,848,986,988,1369,tree
tree-234.jpg,715,705,864,1415,tree
tree-220.jpg,1764,526,2448,1701,tree
tree-220.jpg,1267,1113,1383,1299,tree
tree-220.jpg,924,1075,1083,1337,tree
tree-208.jpg,2013,702,2448,1606,tree
tree-208.jpg,1564,575,1913,1461,tree
tree-208.jpg,1399,1010,1583,1396,tree
tree-181.jpg,232,540,756,1802,tree
tree-181.jpg,667,929,970,1440,tree
tree-181.jpg,1670,1069,1932,1440,tree
tree-181.jpg,1502,1053,1737,1410,tree
tree-181.jpg,1483,1177,1640,1529,tree
tree-181.jpg,1270,1250,1464,1437,tree
tree-195.jpg,278,705,651,1621,tree
tree-195.jpg,1799,61,2337,1675,tree
tree-195.jpg,1851,869,2124,1532,tree
tree-195.jpg,853,326,1018,1413,tree
tree-195.jpg,713,980,848,1456,tree
tree-142.jpg,310,469,788,1761,tree
tree-142.jpg,1234,669,1748,1175,tree
tree-142.jpg,1340,1018,1451,1199,tree
tree-142.jpg,5,21,467,1756,tree
tree-156.jpg,1778,750,2248,1734,tree
tree-156.jpg,40,21,729,1188,tree
tree-156.jpg,1434,1048,1621,1461,tree
tree-156.jpg,756,1142,888,1440,tree
tree-168.jpg,13,777,615,1872,tree
tree-168.jpg,687,1107,822,1596,tree
tree-140.jpg,1491,415,2286,1369,tree
tree-140.jpg,124,29,845,1534,tree
tree-140.jpg,918,1142,1051,1396,tree
tree-140.jpg,1288,1083,1434,1332,tree
tree-154.jpg,1645,567,2248,1940,tree
tree-154.jpg,994,515,1232,1350,tree
tree-154.jpg,1253,1053,1445,1472,tree
tree-154.jpg,1432,1061,1626,1491,tree
tree-183.jpg,337,788,670,1596,tree
tree-183.jpg,780,1005,880,1475,tree
tree-183.jpg,907,1037,1029,1432,tree
tree-183.jpg,986,1113,1134,1399,tree
tree-197.jpg,1407,56,2342,1737,tree
tree-236.jpg,1345,572,1697,1548,tree
tree-236.jpg,1378,45,2448,1850,tree
tree-222.jpg,370,959,648,1288,tree
tree-222.jpg,1859,532,2415,1634,tree
tree-222.jpg,624,1040,783,1286,tree
tree-222.jpg,775,1102,918,1272,tree
tree-222.jpg,1519,942,1730,1359,tree
tree-36.jpg,519,661,717,1759,tree
tree-36.jpg,887,859,1087,1494,tree
tree-36.jpg,1065,942,1314,1407,tree
tree-22.jpg,2189,1059,2448,1482,tree
tree-22.jpg,1922,1140,2062,1434,tree
tree-22.jpg,1798,1175,1917,1442,tree
tree-22.jpg,1598,1277,1665,1432,tree
tree-22.jpg,1568,1105,1630,1267,tree
tree-23.jpg,1762,988,2033,1569,tree
tree-23.jpg,19,1115,303,1488,tree
tree-23.jpg,1668,1159,1765,1505,tree
tree-23.jpg,1538,1186,1630,1464,tree
tree-23.jpg,1468,1221,1546,1445,tree
tree-23.jpg,881,1215,976,1388,tree
tree-37.jpg,576,713,879,1742,tree
tree-223.jpg,5,756,205,1440,tree
tree-223.jpg,2053,1034,2264,1410,tree
tree-223.jpg,2211,496,2448,1303,tree
tree-237.jpg,664,805,878,1532,tree
tree-237.jpg,1380,1088,1556,1361,tree
tree-196.jpg,175,605,883,1521,tree
tree-182.jpg,13,907,397,1645,tree
tree-182.jpg,448,942,748,1510,tree
tree-182.jpg,861,1188,1029,1386,tree
tree-155.jpg,624,5,1356,1899,tree
tree-155.jpg,1194,772,1551,1410,tree
tree-141.jpg,170,318,945,1813,tree
tree-141.jpg,767,1061,1042,1556,tree
tree-141.jpg,1294,121,1613,1275,tree
tree-169.jpg,932,1,1780,1502,tree
tree-145.jpg,1,1,764,1661,tree
tree-145.jpg,1734,750,2280,1269,tree
tree-151.jpg,194,591,637,1488,tree
tree-151.jpg,583,996,883,1432,tree
tree-151.jpg,891,1223,1005,1480,tree
tree-151.jpg,1859,405,2440,1488,tree
tree-151.jpg,1618,1121,1840,1377,tree
tree-151.jpg,1467,1196,1653,1402,tree
tree-151.jpg,980,1245,1145,1407,tree
tree-151.jpg,1380,1226,1502,1388,tree
tree-151.jpg,1310,1294,1383,1402,tree
tree-179.jpg,67,959,486,1456,tree
tree-179.jpg,1851,1023,2380,1461,tree
tree-179.jpg,1559,1180,1778,1542,tree
tree-179.jpg,1467,1261,1597,1434,tree
tree-179.jpg,440,1121,672,1453,tree
tree-179.jpg,659,1075,878,1407,tree
tree-179.jpg,975,1342,1056,1467,tree
tree-179.jpg,1024,1299,1140,1464,tree
tree-179.jpg,1402,1288,1480,1407,tree
tree-186.jpg,751,545,1045,1607,tree
tree-192.jpg,1332,845,1724,1686,tree
tree-192.jpg,1518,61,2164,1448,tree
tree-233.jpg,1818,23,2448,1388,tree
tree-233.jpg,1156,1086,1318,1318,tree
tree-233.jpg,1275,1102,1488,1321,tree
tree-227.jpg,1980,683,2448,1532,tree
tree-227.jpg,1040,972,1378,1380,tree
tree-227.jpg,748,1199,832,1329,tree
tree-227.jpg,624,1126,710,1326,tree
tree-33.jpg,1884,156,2441,1802,tree
tree-33.jpg,1354,1072,1514,1450,tree
tree-33.jpg,944,1132,1122,1405,tree
tree-27.jpg,338,375,649,1615,tree
tree-27.jpg,1557,434,1871,1575,tree
tree-27.jpg,2068,591,2448,1888,tree
tree-27.jpg,895,775,1046,1377,tree
tree-27.jpg,1419,1129,1503,1440,tree
tree-26.jpg,141,659,571,1505,tree
tree-26.jpg,535,945,752,1448,tree
tree-26.jpg,1738,888,2030,1594,tree
tree-26.jpg,1368,1094,1503,1459,tree
tree-26.jpg,1465,1107,1592,1505,tree
tree-32.jpg,268,2,660,1837,tree
tree-32.jpg,1900,1156,2076,1683,tree
tree-32.jpg,1457,1237,1562,1440,tree
tree-32.jpg,1160,1186,1225,1402,tree
tree-226.jpg,502,683,740,1805,tree
tree-226.jpg,1375,1134,1529,1418,tree
tree-226.jpg,1024,1194,1115,1364,tree
tree-232.jpg,205,21,1451,1594,tree
tree-193.jpg,213,53,967,1529,tree
tree-193.jpg,905,5,1464,1718,tree
tree-193.jpg,1253,645,1897,1461,tree
tree-187.jpg,353,418,556,1226,tree
tree-187.jpg,615,834,788,1750,tree
tree-187.jpg,1026,934,1256,1702,tree
tree-187.jpg,1413,1302,1559,1532,tree
tree-178.jpg,24,883,372,1783,tree
tree-178.jpg,556,1129,656,1569,tree
tree-178.jpg,724,1267,834,1494,tree
tree-150.jpg,229,42,821,1534,tree
tree-150.jpg,1588,1007,1834,1448,tree
tree-150.jpg,1334,1261,1524,1469,tree
tree-150.jpg,1924,721,2440,1491,tree
tree-144.jpg,35,507,308,1642,tree
tree-144.jpg,422,842,892,1367,tree
tree-152.jpg,1954,399,2448,1448,tree
tree-152.jpg,1562,767,1906,1540,tree
tree-146.jpg,1365,388,2019,1399,tree
tree-146.jpg,676,986,992,1413,tree
tree-146.jpg,992,1167,1162,1394,tree
tree-191.jpg,1507,15,2448,1960,tree
tree-185.jpg,94,21,594,1794,tree
tree-185.jpg,734,783,907,1505,tree
tree-224.jpg,1678,183,2442,1321,tree
tree-224.jpg,1324,964,1640,1477,tree
tree-224.jpg,610,1175,721,1486,tree
tree-224.jpg,14,37,1192,1864,tree
tree-230.jpg,924,999,1118,1448,tree
tree-230.jpg,1894,807,2429,1772,tree
tree-218.jpg,205,537,526,1561,tree
tree-218.jpg,1434,13,2305,1675,tree
tree-218.jpg,1140,615,1391,1315,tree
tree-24.jpg,257,29,757,1564,tree
tree-24.jpg,1044,1021,1119,1442,tree
tree-30.jpg,30,491,289,1764,tree
tree-30.jpg,506,1021,673,1586,tree
tree-30.jpg,735,1121,854,1537,tree
tree-30.jpg,2114,883,2448,1530,tree
tree-30.jpg,1827,1037,2073,1637,tree
tree-30.jpg,1657,1034,1827,1529,tree
tree-30.jpg,1519,1072,1687,1483,tree
tree-30.jpg,876,1134,957,1477,tree
tree-30.jpg,944,1132,1003,1461,tree
tree-30.jpg,1079,1202,1144,1415,tree
tree-18.jpg,1608,921,1873,1429,tree
tree-18.jpg,1433,1142,1579,1402,tree
tree-19.jpg,1357,794,1644,1399,tree
tree-19.jpg,273,194,981,1748,tree
tree-31.jpg,519,1210,619,1672,tree
tree-31.jpg,2025,926,2354,1732,tree
tree-31.jpg,1692,996,1879,1575,tree
tree-31.jpg,881,1259,946,1521,tree
tree-31.jpg,944,1188,1008,1502,tree
tree-31.jpg,1538,1172,1662,1491,tree
tree-31.jpg,1054,1199,1114,1469,tree
tree-31.jpg,1454,1245,1538,1445,tree
tree-25.jpg,479,686,676,1694,tree
tree-25.jpg,1908,326,2384,1883,tree
tree-219.jpg,297,850,642,1745,tree
tree-219.jpg,2233,1272,2376,1513,tree
tree-231.jpg,1724,337,2448,1591,tree
tree-231.jpg,1445,780,1842,1461,tree
tree-231.jpg,1288,950,1480,1453,tree
tree-225.jpg,2007,826,2272,1407,tree
tree-225.jpg,1706,1010,1846,1340,tree
tree-184.jpg,99,32,629,1621,tree
tree-184.jpg,929,810,1221,1391,tree
tree-184.jpg,1491,583,1832,2013,tree
tree-184.jpg,1686,550,1924,1510,tree
tree-190.jpg,256,13,1034,1632,tree
tree-190.jpg,759,1215,851,1448,tree
tree-190.jpg,870,1215,937,1429,tree
tree-147.jpg,1973,880,2335,1326,tree
tree-147.jpg,468,872,798,1661,tree
tree-153.jpg,68,821,392,1591,tree
tree-153.jpg,1706,699,2146,1402,tree
tree-153.jpg,671,1096,806,1391,tree
tree-153.jpg,962,1194,1046,1353,tree
tree-153.jpg,1587,1105,1760,1356,tree
tree-153.jpg,1381,1180,1479,1323,tree
tree-176.jpg,140,575,642,1469,tree
tree-176.jpg,1253,7,2388,1429,tree
tree-176.jpg,772,1091,964,1369,tree
tree-162.jpg,41,18,530,1499,tree
tree-162.jpg,1844,399,2411,1272,tree
tree-162.jpg,1652,686,1979,1426,tree
tree-162.jpg,892,672,1062,1377,tree
tree-162.jpg,1149,1118,1254,1361,tree
tree-189.jpg,1461,29,2426,1767,tree
tree-189.jpg,1124,826,1424,1477,tree
tree-228.jpg,1475,1096,1932,1402,tree
tree-228.jpg,2213,1007,2434,1461,tree
tree-200.jpg,918,1126,1132,1650,tree
tree-200.jpg,442,2,610,1605,tree
tree-200.jpg,753,861,953,1494,tree
tree-214.jpg,1578,537,2142,1772,tree
tree-214.jpg,1307,956,1559,1353,tree
tree-214.jpg,1042,1129,1140,1396,tree
tree-28.jpg,1800,777,2341,1521,tree
tree-14.jpg,208,1291,408,1686,tree
tree-14.jpg,557,1007,781,1607,tree
tree-14.jpg,811,1248,903,1510,tree
tree-14.jpg,908,1175,968,1483,tree
tree-14.jpg,1933,1010,2435,1799,tree
tree-14.jpg,1717,1167,1879,1596,tree
tree-14.jpg,1546,1207,1700,1537,tree
tree-14.jpg,1325,1186,1473,1432,tree
tree-14.jpg,1038,1272,1144,1423,tree
tree-15.jpg,400,145,930,1823,tree
tree-15.jpg,846,410,1100,1637,tree
tree-29.jpg,1768,405,2095,1248,tree
tree-215.jpg,542,942,759,1637,tree
tree-215.jpg,37,964,334,1610,tree
tree-215.jpg,399,1118,556,1483,tree
tree-215.jpg,883,1175,997,1491,tree
tree-215.jpg,1899,567,2442,1940,tree
tree-215.jpg,1503,956,1722,1475,tree
tree-201.jpg,429,832,742,1440,tree
tree-229.jpg,340,980,640,1740,tree
tree-229.jpg,13,823,378,1886,tree
tree-229.jpg,1253,1240,1359,1377,tree
tree-188.jpg,87,613,359,2050,tree
tree-188.jpg,479,769,684,1402,tree
tree-188.jpg,841,1137,935,1369,tree
tree-188.jpg,1338,999,1484,1296,tree
tree-163.jpg,1798,737,2298,1461,tree
tree-177.jpg,1889,899,2330,1802,tree
tree-177.jpg,1589,1118,1852,1486,tree
tree-149.jpg,1649,169,2292,1640,tree
tree-161.jpg,57,850,379,1694,tree
tree-161.jpg,560,861,768,1448,tree
tree-161.jpg,733,972,889,1486,tree
tree-161.jpg,881,991,1027,1394,tree
tree-161.jpg,2006,621,2448,1506,tree
tree-161.jpg,1744,848,1930,1432,tree
tree-161.jpg,1549,1021,1746,1407,tree
tree-175.jpg,8,10,535,1686,tree
tree-175.jpg,1022,642,1152,1372,tree
tree-217.jpg,99,842,510,1456,tree
tree-217.jpg,761,1145,934,1459,tree
tree-217.jpg,872,1091,1121,1467,tree
tree-217.jpg,1926,510,2448,1439,tree
tree-217.jpg,1724,1118,1910,1461,tree
tree-217.jpg,1448,1096,1626,1405,tree
tree-217.jpg,1740,1061,1929,1453,tree
tree-203.jpg,1999,618,2448,1673,tree
tree-203.jpg,1605,996,1934,1494,tree
tree-203.jpg,1029,1256,1118,1375,tree
tree-17.jpg,1754,613,2162,1750,tree
tree-17.jpg,1533,869,1730,1532,tree
tree-17.jpg,1471,1048,1608,1459,tree
tree-17.jpg,622,1015,854,1396,tree
tree-17.jpg,911,1202,989,1453,tree
tree-17.jpg,1003,1232,1111,1442,tree
tree-17.jpg,1352,1234,1430,1421,tree
tree-16.jpg,17,7,560,1259,tree
tree-16.jpg,679,694,873,1413,tree
tree-16.jpg,1908,559,2444,1607,tree
tree-16.jpg,1627,813,1914,1456,tree
tree-16.jpg,873,564,1022,1383,tree
tree-16.jpg,1373,1026,1587,1377,tree
tree-202.jpg,213,37,729,1742,tree
tree-202.jpg,729,688,953,1507,tree
tree-202.jpg,1786,715,2148,1383,tree
tree-202.jpg,1510,959,1715,1405,tree
tree-216.jpg,5,748,259,1302,tree
tree-216.jpg,310,905,515,1286,tree
tree-216.jpg,640,999,788,1313,tree
tree-216.jpg,853,1096,940,1296,tree
tree-216.jpg,1986,996,2224,1321,tree
tree-174.jpg,368,629,546,1861,tree
tree-174.jpg,738,529,973,1637,tree
tree-174.jpg,917,1248,1052,1569,tree
tree-174.jpg,1733,32,2419,1783,tree
tree-174.jpg,1484,840,1687,1388,tree
tree-174.jpg,1027,996,1103,1529,tree
tree-160.jpg,62,299,568,1656,tree
tree-160.jpg,1057,864,1219,1332,tree
tree-160.jpg,679,1077,922,1350,tree
tree-148.jpg,1,775,349,1642,tree
tree-164.jpg,117,180,603,1718,tree
tree-164.jpg,654,821,781,1523,tree
tree-164.jpg,868,623,1044,1488,tree
tree-170.jpg,1384,494,1665,1540,tree
tree-170.jpg,2057,721,2448,1897,tree
tree-158.jpg,206,5,722,1656,tree
tree-158.jpg,1406,532,1611,1337,tree
tree-158.jpg,776,815,911,1521,tree
tree-158.jpg,911,850,1084,1507,tree
tree-212.jpg,1659,815,2102,1683,tree
tree-212.jpg,1499,1053,1678,1494,tree
tree-212.jpg,1410,1064,1567,1437,tree
tree-212.jpg,1288,1167,1445,1421,tree
tree-206.jpg,1495,883,1762,1429,tree
tree-206.jpg,630,1037,822,1442,tree
tree-206.jpg,46,615,441,1559,tree
tree-12.jpg,1560,1145,1662,1383,tree
tree-12.jpg,1619,1002,1771,1426,tree
tree-12.jpg,1744,845,1865,1459,tree
tree-12.jpg,1833,726,2103,1505,tree
tree-12.jpg,2108,705,2448,1616,tree
tree-13.jpg,17,453,484,1786,tree
tree-13.jpg,606,832,884,1594,tree
tree-13.jpg,2068,1080,2327,1664,tree
tree-13.jpg,1754,1107,1995,1559,tree
tree-13.jpg,1595,1102,1789,1499,tree
tree-13.jpg,862,980,1014,1532,tree
tree-13.jpg,1027,1123,1130,1456,tree
tree-13.jpg,1106,1161,1173,1440,tree
tree-207.jpg,17,575,373,1610,tree
tree-207.jpg,1654,750,2138,1453,tree
tree-207.jpg,2044,413,2448,1609,tree
tree-207.jpg,800,1321,887,1518,tree
tree-213.jpg,18,542,332,1513,tree
tree-213.jpg,1045,1115,1229,1375,tree
tree-213.jpg,140,1191,361,1472,tree
tree-159.jpg,41,669,408,1896,tree
tree-159.jpg,1530,761,1968,1702,tree
tree-159.jpg,654,942,889,1429,tree
tree-159.jpg,854,1007,1019,1442,tree
tree-159.jpg,1314,1113,1573,1491,tree
tree-171.jpg,1827,45,2362,1761,tree
tree-171.jpg,1660,732,1876,1588,tree
tree-171.jpg,1473,996,1660,1469,tree
tree-165.jpg,2122,964,2273,1394,tree
tree-165.jpg,1638,780,1995,1383,tree
tree-165.jpg,362,645,757,1405,tree
tree-165.jpg,11,13,922,1345,tree
tree-173.jpg,1789,467,2273,1726,tree
tree-173.jpg,1635,1069,1808,1556,tree
tree-173.jpg,1527,1088,1644,1375,tree
tree-173.jpg,849,1156,998,1423,tree
tree-167.jpg,1625,99,2330,1821,tree
tree-167.jpg,376,353,1081,1723,tree
tree-167.jpg,1189,1280,1246,1402,tree
tree-198.jpg,433,345,730,1502,tree
tree-198.jpg,979,810,1106,1396,tree
tree-198.jpg,1087,1067,1144,1418,tree
tree-198.jpg,1541,856,1719,1340,tree
tree-205.jpg,241,421,684,1580,tree
tree-205.jpg,2133,896,2349,1321,tree
tree-211.jpg,1149,380,1817,1591,tree
tree-211.jpg,911,10,2154,1764,tree
tree-211.jpg,1554,940,1744,1515,tree
tree-239.jpg,1215,34,2183,1753,tree
tree-239.jpg,464,661,721,1542,tree
tree-239.jpg,45,577,399,1964,tree
tree-11.jpg,1965,534,2448,1816,tree
tree-11.jpg,1587,910,1941,1629,tree
tree-11.jpg,581,650,741,1602,tree
tree-11.jpg,741,891,1087,1610,tree
tree-11.jpg,1162,1323,1233,1445,tree
tree-11.jpg,1400,999,1627,1415,tree
tree-39.jpg,52,359,500,1832,tree
tree-39.jpg,1417,983,1657,1510,tree
tree-38.jpg,1960,886,2335,1418,tree
tree-38.jpg,638,561,1081,1523,tree
tree-38.jpg,335,418,654,1534,tree
tree-10.jpg,160,829,546,1815,tree
tree-10.jpg,935,1183,1079,1437,tree
tree-10.jpg,1360,1267,1517,1477,tree
tree-10.jpg,1430,405,2160,1794,tree
tree-238.jpg,1821,156,2429,2007,tree
tree-238.jpg,1702,1061,2040,1542,tree
tree-238.jpg,1502,905,1783,1642,tree
tree-238.jpg,1388,1021,1618,1553,tree
tree-238.jpg,667,967,880,1456,tree
tree-238.jpg,1002,1256,1107,1432,tree
tree-238.jpg,1078,1269,1134,1402,tree
tree-210.jpg,200,845,444,1899,tree
tree-210.jpg,671,1037,827,1488,tree
tree-210.jpg,1506,1177,1644,1394,tree
tree-210.jpg,1146,1267,1217,1388,tree
tree-210.jpg,1208,1242,1276,1383,tree
tree-210.jpg,1414,1242,1525,1388,tree
tree-204.jpg,1917,961,2200,1413,tree
tree-204.jpg,1441,1134,1576,1610,tree
tree-204.jpg,1184,1240,1306,1529,tree
tree-204.jpg,1057,1248,1138,1407,tree
tree-204.jpg,998,1286,1057,1426,tree
tree-204.jpg,395,1315,462,1426,tree
tree-204.jpg,930,1332,989,1413,tree
tree-199.jpg,22,564,481,1577,tree
tree-199.jpg,476,915,660,1561,tree
tree-199.jpg,695,1075,846,1442,tree
tree-199.jpg,919,1186,1008,1396,tree
tree-199.jpg,2089,342,2408,1753,tree
tree-199.jpg,1771,769,2006,1305,tree
tree-199.jpg,1654,948,1827,1496,tree
tree-199.jpg,1573,1018,1679,1448,tree
tree-199.jpg,1473,1088,1606,1429,tree
tree-166.jpg,165,942,400,1518,tree
tree-166.jpg,1992,988,2325,1767,tree
tree-166.jpg,952,1091,1068,1391,tree
tree-166.jpg,1295,832,1557,1448,tree
tree-172.jpg,162,694,408,1445,tree
tree-129.jpg,1,863,244,1677,tree
tree-129.jpg,1625,942,1927,1561,tree
tree-129.jpg,1454,1110,1606,1499,tree
tree-129.jpg,708,691,954,1367,tree
tree-8.jpg,3,437,249,1272,tree
tree-8.jpg,427,956,660,1418,tree
tree-115.jpg,1,552,322,1745,tree
tree-115.jpg,362,80,854,1634,tree
tree-101.jpg,11,23,362,1702,tree
tree-101.jpg,581,842,749,1537,tree
tree-101.jpg,757,867,881,1396,tree
tree-101.jpg,865,999,984,1415,tree
tree-263.jpg,37,907,383,1605,tree
tree-263.jpg,345,1053,597,1510,tree
tree-263.jpg,602,1215,783,1515,tree
tree-277.jpg,1537,202,2142,1513,tree
tree-277.jpg,467,886,651,1450,tree
tree-277.jpg,864,1099,1015,1356,tree
tree-277.jpg,1024,1199,1132,1334,tree
tree-288.jpg,1794,915,2334,1853,tree
tree-288.jpg,1483,942,1875,1510,tree
tree-288.jpg,994,1137,1142,1442,tree
tree-288.jpg,1448,1075,1602,1429,tree
tree-288.jpg,498,859,673,1491,tree
tree-63.jpg,408,523,817,1721,tree
tree-63.jpg,1268,1277,1392,1396,tree
tree-63.jpg,1133,1267,1233,1402,tree
tree-77.jpg,406,707,1030,1823,tree
tree-77.jpg,935,967,1227,1521,tree
tree-77.jpg,1517,1169,1692,1564,tree
tree-77.jpg,1657,1169,1817,1548,tree
tree-88.jpg,17,15,1125,1405,tree
tree-89.jpg,1762,691,2208,1832,tree
tree-89.jpg,1473,794,1814,1607,tree
tree-89.jpg,984,1032,1144,1364,tree
tree-89.jpg,1289,1037,1417,1386,tree
tree-76.jpg,160,950,284,1677,tree
tree-76.jpg,687,999,962,1459,tree
tree-76.jpg,2054,1088,2249,1494,tree
tree-76.jpg,1665,967,2062,1399,tree
tree-76.jpg,1487,1180,1635,1429,tree
tree-62.jpg,1925,821,2303,1659,tree
tree-62.jpg,252,888,646,1396,tree
tree-62.jpg,1668,1080,1835,1491,tree
tree-62.jpg,1341,1183,1511,1372,tree
tree-62.jpg,954,1237,1065,1402,tree
tree-289.jpg,1699,56,2448,1598,tree
tree-289.jpg,1388,632,2037,1386,tree
tree-289.jpg,261,737,848,1634,tree
tree-289.jpg,45,10,502,1577,tree
tree-276.jpg,699,569,1151,1469,tree
tree-276.jpg,1553,437,2086,1940,tree
tree-276.jpg,1313,1088,1507,1542,tree
tree-262.jpg,32,856,448,1488,tree
tree-262.jpg,1542,1275,1705,1434,tree
tree-100.jpg,1,10,373,1445,tree
tree-100.jpg,508,937,741,1480,tree
tree-100.jpg,792,1145,871,1426,tree
tree-114.jpg,11,13,757,1453,tree
tree-114.jpg,1662,1253,1798,1553,tree
tree-9.jpg,403,937,792,1550,tree
tree-9.jpg,2149,791,2446,1840,tree
tree-9.jpg,1679,1018,1884,1615,tree
tree-9.jpg,1560,1172,1684,1518,tree
tree-9.jpg,1473,1234,1584,1488,tree
tree-9.jpg,911,1210,1022,1440,tree
tree-9.jpg,1403,1256,1476,1461,tree
tree-128.jpg,1641,569,1962,1550,tree
tree-128.jpg,73,5,562,1434,tree
tree-128.jpg,600,391,838,1372,tree
tree-128.jpg,1465,521,1754,1491,tree
tree-128.jpg,908,891,1108,1386,tree
tree-128.jpg,1384,1007,1587,1440,tree
tree-128.jpg,992,940,1181,1364,tree
tree-102.jpg,325,123,779,1567,tree
tree-102.jpg,1476,996,1668,1329,tree
tree-102.jpg,1071,1032,1189,1407,tree
tree-116.jpg,11,602,398,1713,tree
tree-116.jpg,1314,23,2295,1599,tree
tree-116.jpg,746,986,1030,1394,tree
tree-116.jpg,1608,1296,1695,1526,tree
tree-300.jpg,1644,1083,1771,1477,tree
tree-300.jpg,798,842,946,1396,tree
tree-248.jpg,22,532,379,1486,tree
tree-248.jpg,460,888,706,1469,tree
tree-248.jpg,714,1037,884,1502,tree
tree-248.jpg,854,1077,971,1448,tree
tree-274.jpg,513,126,810,1632,tree
tree-274.jpg,1232,1161,1380,1429,tree
tree-274.jpg,872,737,1121,1342,tree
tree-260.jpg,40,426,570,1888,tree
tree-260.jpg,1448,1083,1802,1413,tree
tree-260.jpg,580,737,988,1396,tree
tree-48.jpg,1644,1061,1881,1580,tree
tree-48.jpg,1954,1218,2071,1494,tree
tree-48.jpg,389,642,581,969,tree
tree-48.jpg,84,442,303,805,tree
tree-48.jpg,717,859,911,1177,tree
tree-74.jpg,38,332,357,1707,tree
tree-74.jpg,411,1075,614,1591,tree
tree-74.jpg,1857,1210,1960,1442,tree
tree-74.jpg,865,1210,1000,1491,tree
tree-60.jpg,689,594,965,1334,tree
tree-60.jpg,1706,32,2376,1380,tree
tree-60.jpg,1617,667,1871,1342,tree
tree-60.jpg,246,810,435,1467,tree
tree-60.jpg,1011,996,1111,1334,tree
tree-60.jpg,1449,880,1717,1321,tree
tree-61.jpg,38,510,295,1740,tree
tree-61.jpg,762,1161,903,1464,tree
tree-75.jpg,1657,437,2227,1583,tree
tree-75.jpg,414,718,1138,1656,tree
tree-75.jpg,1460,1159,1598,1507,tree
tree-49.jpg,368,950,733,1440,tree
tree-49.jpg,2030,1183,2281,1491,tree
tree-49.jpg,757,1053,944,1453,tree
tree-49.jpg,1398,1264,1476,1442,tree
tree-261.jpg,733,740,1003,1675,tree
tree-261.jpg,1771,296,2403,1775,tree
tree-275.jpg,97,32,834,1850,tree
tree-275.jpg,967,959,1245,1588,tree
tree-249.jpg,1573,526,2403,1667,tree
tree-249.jpg,533,661,876,1353,tree
tree-249.jpg,1541,1080,1665,1332,tree
tree-117.jpg,1903,686,2335,1694,tree
tree-117.jpg,1649,850,1892,1575,tree
tree-117.jpg,608,696,944,1715,tree
tree-117.jpg,865,696,1117,1561,tree
tree-117.jpg,14,5,719,1532,tree
tree-117.jpg,1473,948,1644,1483,tree
tree-103.jpg,11,5,535,1642,tree
tree-103.jpg,611,634,949,1359,tree
tree-103.jpg,1830,561,2279,1342,tree
tree-103.jpg,1695,1023,1854,1337,tree
tree-103.jpg,984,996,1133,1399,tree
tree-103.jpg,2157,621,2448,1290,tree
tree-107.jpg,95,64,649,1769,tree
tree-107.jpg,579,948,706,1529,tree
tree-107.jpg,687,956,860,1442,tree
tree-107.jpg,819,1107,884,1405,tree
tree-107.jpg,868,1159,930,1364,tree
tree-113.jpg,146,775,489,1869,tree
tree-113.jpg,489,883,676,1691,tree
tree-113.jpg,671,948,846,1623,tree
tree-113.jpg,900,1232,1038,1545,tree
tree-113.jpg,1365,1202,1533,1450,tree
tree-271.jpg,1629,977,2048,1464,tree
tree-265.jpg,1700,45,2341,1775,tree
tree-259.jpg,319,15,917,1672,tree
tree-71.jpg,2000,556,2444,1442,tree
tree-71.jpg,1684,664,1952,1369,tree
tree-71.jpg,1295,818,1654,1329,tree
tree-65.jpg,41,334,733,1599,tree
tree-65.jpg,808,250,981,1421,tree
tree-65.jpg,1392,1096,1560,1399,tree
tree-65.jpg,1911,832,2165,1450,tree
tree-65.jpg,1208,1083,1368,1332,tree
tree-65.jpg,638,896,779,1475,tree
tree-59.jpg,514,707,749,1432,tree
tree-59.jpg,725,977,887,1399,tree
tree-59.jpg,846,1026,965,1383,tree
tree-59.jpg,1392,810,1584,1413,tree
tree-59.jpg,1565,875,1673,1426,tree
tree-58.jpg,408,169,746,1907,tree
tree-64.jpg,1914,94,2389,1594,tree
tree-64.jpg,1076,1072,1192,1364,tree
tree-70.jpg,92,21,673,1656,tree
tree-258.jpg,311,794,581,1780,tree
tree-258.jpg,1689,383,2314,1823,tree
tree-258.jpg,1514,1064,1730,1440,tree
tree-264.jpg,233,980,368,1423,tree
tree-264.jpg,641,1145,795,1426,tree
tree-264.jpg,1481,18,2019,1586,tree
tree-270.jpg,30,767,295,1664,tree
tree-112.jpg,2235,1156,2448,1505,tree
tree-112.jpg,1679,1156,1814,1421,tree
tree-112.jpg,1603,1283,1708,1391,tree
tree-112.jpg,1022,753,1154,1510,tree
tree-106.jpg,1346,15,2160,1864,tree
tree-110.jpg,2000,715,2427,1350,tree
tree-110.jpg,22,5,465,1459,tree
tree-110.jpg,492,594,662,1426,tree
tree-110.jpg,1598,772,1827,1407,tree
tree-110.jpg,1008,1013,1195,1377,tree
tree-110.jpg,684,272,800,1459,tree
tree-104.jpg,173,240,587,1942,tree
tree-104.jpg,689,613,962,1702,tree
tree-104.jpg,925,1129,1062,1548,tree
tree-138.jpg,79,523,462,1477,tree
tree-138.jpg,565,853,814,1418,tree
tree-138.jpg,2198,1177,2362,1421,tree
tree-138.jpg,2279,1080,2422,1477,tree
tree-266.jpg,330,718,638,1761,tree
tree-266.jpg,1595,888,1906,1659,tree
tree-266.jpg,1495,21,2448,868,tree
tree-266.jpg,792,1164,922,1626,tree
tree-272.jpg,1884,34,2448,1374,tree
tree-272.jpg,1473,629,1892,1280,tree
tree-272.jpg,884,834,1108,1345,tree
tree-299.jpg,189,45,649,1888,tree
tree-299.jpg,195,818,438,1607,tree
tree-299.jpg,703,1023,846,1415,tree
tree-66.jpg,1806,961,2284,1391,tree
tree-66.jpg,925,1096,1144,1388,tree
tree-72.jpg,1641,13,2406,1777,tree
tree-72.jpg,144,10,838,1772,tree
tree-72.jpg,803,883,1062,1553,tree
tree-72.jpg,1014,913,1162,1491,tree
tree-72.jpg,1138,1177,1249,1459,tree
tree-99.jpg,1811,56,2433,1661,tree
tree-99.jpg,1584,1110,1819,1507,tree
tree-99.jpg,468,513,738,1575,tree
tree-99.jpg,784,721,930,1507,tree
tree-98.jpg,1614,934,1889,1421,tree
tree-98.jpg,62,648,592,1269,tree
tree-98.jpg,679,953,906,1326,tree
tree-98.jpg,927,1075,1027,1337,tree
tree-73.jpg,2065,1064,2362,1721,tree
tree-67.jpg,1395,13,2425,1426,tree
tree-298.jpg,45,705,407,1548,tree
tree-298.jpg,883,1196,997,1402,tree
tree-298.jpg,980,1213,1072,1394,tree
tree-273.jpg,1695,599,2006,1161,tree
tree-273.jpg,38,777,360,1521,tree
tree-273.jpg,773,902,957,1367,tree
tree-273.jpg,1481,964,1644,1440,tree
tree-273.jpg,1298,1113,1406,1313,tree
tree-273.jpg,989,894,1087,1391,tree
tree-267.jpg,30,37,454,1505,tree
tree-139.jpg,1825,137,2384,1526,tree
tree-105.jpg,303,642,644,1780,tree
tree-105.jpg,749,648,1017,1518,tree
tree-105.jpg,2106,807,2346,1477,tree
tree-105.jpg,1311,591,1538,1323,tree
tree-105.jpg,1614,1026,1779,1318,tree
tree-111.jpg,108,877,295,1872,tree
tree-111.jpg,1830,732,2268,1505,tree
tree-111.jpg,554,1040,725,1540,tree
tree-111.jpg,687,591,887,1540,tree
